file,best,score,time,run
p1_10_3-3.txt,AAA,16,0.0882072,1
p1_10_3-3.txt,AAA,16,0.0532424,2
p1_10_3-3.txt,AAA,16,0.063326,3
p1_10_3-3.txt,AAA,16,0.0532794,4
p1_10_3-3.txt,AAA,16,0.061771,5
p1_10_3-3.txt,AAA,16,0.0533931,6
p1_10_3-3.txt,AAA,16,0.0527815,7
p1_10_3-3.txt,AAA,16,0.0609655,8
p1_10_3-3.txt,AAA,16,0.0532009,9
p1_10_3-3.txt,AAA,16,0.0588185,10
p1_15_13-0.txt,AAAAAACAACAA,77,0.2660781,1
p1_15_13-0.txt,AACAAAAACACAA,80,0.2681377,2
p1_15_13-0.txt,AACAAAAACACAA,80,0.2671234,3
p1_15_13-0.txt,AACAAAAACACAA,80,0.2646533,4
p1_15_13-0.txt,AAACAAAAACA,74,0.2643634,5
p1_15_13-0.txt,AAAAAAAACA,77,0.2614073,6
p1_15_13-0.txt,AACAAAAACACAA,80,0.2749691,7
p1_15_13-0.txt,AACAAAAACACAA,80,0.257492,8
p1_15_13-0.txt,AAACAAAACA,77,0.2625649,9
p1_15_13-0.txt,AACAAAACAAA,74,0.2642713,10
p1_15_20-0.txt,CAAAACAAACAAAACCAAAA,120,0.5577478,1
p1_15_20-0.txt,AAAAAAACAAAAACAAAG,116,0.5295872,2
p1_15_20-0.txt,CAAAACAAACAAAACCAAAA,120,0.5256366,3
p1_15_20-0.txt,AAAAAAACACAACAAACACC,114,0.5262536,4
p1_15_20-0.txt,CAAAACAAACAAAACCAAAA,120,0.5629683,5
p1_15_20-0.txt,AAAAAACAACAAAAACC,113,0.5316743,6
p1_15_20-0.txt,AAAAAAACAATGAAACAACA,118,0.5203674,7
p1_15_20-0.txt,CAAAACAAACAAAACCAAAA,120,0.5352477,8
p1_15_20-0.txt,AAAAAAACAAAAAAAC,102,0.5079773,9
p1_15_20-0.txt,AAAAAAACAAACCAAACAAC,108,0.5385267,10
p1_15_20-3.txt,AACACAAACAACAAACAAAA,118,0.5065381,1
p1_15_20-3.txt,AACACAAACAACAAACAAAA,118,0.5297587,2
p1_15_20-3.txt,AACACAAACAACAAACAAAA,118,0.5217588,3
p1_15_20-3.txt,AACACAAACAACAAACAAAA,118,0.5160701,4
p1_15_20-3.txt,AACACAAACAACAAACAAAA,118,0.5145731,5
p1_15_20-3.txt,AACACAAACAACAAACAAAA,118,0.5104747,6
p1_15_20-3.txt,AACACAAACAACAAACAAAA,118,0.5406224,7
p1_15_20-3.txt,AACACAAACAACAAACAAAA,118,0.5363003,8
p1_15_20-3.txt,AAAAAAACAGAACAAA,116,0.5419425,9
p1_15_20-3.txt,AACACAAACAACAAACAAAA,118,0.4990482,10
p1_15_3-2.txt,ACA,32,0.0745621,1
p1_15_3-2.txt,ACA,32,0.0678718,2
p1_15_3-2.txt,ACA,32,0.0676435,3
p1_15_3-2.txt,ACA,32,0.0744172,4
p1_15_3-2.txt,ACA,32,0.0682437,5
p1_15_3-2.txt,ACA,32,0.0732529,6
p1_15_3-2.txt,ACA,32,0.0687316,7
p1_15_3-2.txt,ACA,32,0.0729994,8
p1_15_3-2.txt,ACA,32,0.0687626,9
p1_15_3-2.txt,ACA,32,0.0675918,10
p1_15_5-4.txt,ACAA,41,0.0961043,1
p1_15_5-4.txt,ACAA,41,0.0899601,2
p1_15_5-4.txt,ACAA,41,0.0959991,3
p1_15_5-4.txt,ACAA,41,0.0899952,4
p1_15_5-4.txt,ACAA,41,0.0903902,5
p1_15_5-4.txt,ACAA,41,0.09704,6
p1_15_5-4.txt,ACAA,41,0.0913517,7
p1_15_5-4.txt,ACAA,41,0.0965665,8
p1_15_5-4.txt,ACAA,41,0.090643,9
p1_15_5-4.txt,ACAA,41,0.0897549,10
p1_6_20-3.txt,CCCACAAAAAAAAACAAACA,42,0.2324467,1
p1_6_20-3.txt,CCCACAAAAAAAAACAAACA,42,0.2212026,2
p1_6_20-3.txt,CCCACAAAAAAAAACAAACA,42,0.2269896,3
p1_6_20-3.txt,CCCACAAAAAAAAACAAACA,42,0.2354985,4
p1_6_20-3.txt,CCCACAAAAAAAAACAAACA,42,0.2226856,5
p1_6_20-3.txt,CCCACAAAAAAAAACAAACA,42,0.2302888,6
p1_6_20-3.txt,CCCACAAAAAAAAACAAACA,42,0.2308146,7
p1_6_20-3.txt,AAAAAAAAAACAAACA,38,0.2249919,8
p1_6_20-3.txt,CCCACAAAAAAAAACAAACA,42,0.2193885,9
p1_6_20-3.txt,CCCACAAAAAAAAACAAACA,42,0.2306112,10
p2_10_20-3.txt,TCACTT,73,0.1216373,1
p2_10_20-3.txt,TCACTT,73,0.1202535,2
p2_10_20-3.txt,TCACTT,73,0.1270767,3
p2_10_20-3.txt,TCACTT,73,0.1205836,4
p2_10_20-3.txt,TCACTT,73,0.1275514,5
p2_10_20-3.txt,TCACTT,73,0.1204797,6
p2_10_20-3.txt,TCACTT,73,0.1317077,7
p2_10_20-3.txt,TCACTT,73,0.1257191,8
p2_10_20-3.txt,TCACTT,73,0.1268687,9
p2_10_20-3.txt,TCACTT,73,0.1298281,10
p2_10_8-4.txt,T,35,0.0624369,1
p2_10_8-4.txt,T,35,0.0674504,2
p2_10_8-4.txt,T,35,0.0616081,3
p2_10_8-4.txt,T,35,0.0612736,4
p2_10_8-4.txt,T,35,0.0667842,5
p2_10_8-4.txt,T,35,0.0615454,6
p2_10_8-4.txt,T,35,0.0668027,7
p2_10_8-4.txt,T,35,0.0613029,8
p2_10_8-4.txt,T,35,0.0611351,9
p2_10_8-4.txt,T,35,0.0670674,10
p2_15_13-3.txt,TGC,72,0.0964155,1
p2_15_13-3.txt,TGC,72,0.1017446,2
p2_15_13-3.txt,TGC,72,0.0961693,3
p2_15_13-3.txt,TGC,72,0.102195,4
p2_15_13-3.txt,TGC,72,0.0989706,5
p2_15_13-3.txt,TGC,72,0.0967775,6
p2_15_13-3.txt,TGC,72,0.1012079,7
p2_15_13-3.txt,TGC,72,0.0966971,8
p2_15_13-3.txt,TGC,72,0.1025464,9
p2_15_13-3.txt,TGC,72,0.0981377,10
p2_15_20-4.txt,CTGCATG,129,0.1760874,1
p2_15_20-4.txt,ATGCAACT,124,0.1852429,2
p2_15_20-4.txt,TAGCACAT,128,0.1969543,3
p2_15_20-4.txt,TGCAAC,126,0.1833348,4
p2_15_20-4.txt,TGCAACT,125,0.1799725,5
p2_15_20-4.txt,ATGCAACT,124,0.1763528,6
p2_15_20-4.txt,TAGCAACTG,125,0.1804709,7
p2_15_20-4.txt,CATGCAAC,126,0.1779255,8
p2_15_20-4.txt,TAGCAATC,128,0.1838495,9
p2_15_20-4.txt,TGCAATC,127,0.1847088,10
p2_15_8-3.txt,CTG,63,0.0946547,1
p2_15_8-3.txt,CGT,63,0.0915539,2
p2_15_8-3.txt,CGT,63,0.0884972,3
p2_15_8-3.txt,CTG,63,0.0959557,4
p2_15_8-3.txt,CTG,63,0.089265,5
p2_15_8-3.txt,CGT,63,0.0940002,6
p2_15_8-3.txt,CTG,63,0.0891493,7
p2_15_8-3.txt,CTG,63,0.0886621,8
p2_15_8-3.txt,CTG,63,0.0942282,9
p2_15_8-3.txt,CGT,63,0.0899234,10
p2_4_8-3.txt,TA,10,0.0433577,1
p2_4_8-3.txt,GTA,10,0.0367848,2
p2_4_8-3.txt,CTA,10,0.0363783,3
p2_4_8-3.txt,TA,10,0.0429777,4
p2_4_8-3.txt,TA,10,0.036876,5
p2_4_8-3.txt,TA,10,0.0425595,6
p2_4_8-3.txt,TA,10,0.0367097,7
p2_4_8-3.txt,TA,10,0.0367811,8
p2_4_8-3.txt,TA,10,0.0430848,9
p2_4_8-3.txt,CTA,10,0.0367608,10
p2_6_20-0.txt,CGAC,27,0.0637435,1
p2_6_20-0.txt,CGAC,27,0.0578195,2
p2_6_20-0.txt,CGC,27,0.0636679,3
p2_6_20-0.txt,CGC,27,0.0583665,4
p2_6_20-0.txt,CGC,27,0.0577667,5
p2_6_20-0.txt,CGC,27,0.0640218,6
p2_6_20-0.txt,CGC,27,0.0570148,7
p2_6_20-0.txt,CGC,27,0.0637481,8
p2_6_20-0.txt,CGC,27,0.0585765,9
p2_6_20-0.txt,CGC,27,0.0581175,10
